{
	"partitions" : [
		{
			"name" : "Top",
			"pins" : [
				{
					"name" : "dataout",
					"strict" : false
				},
				{
					"name" : "datain[0]",
					"strict" : false
				},
				{
					"name" : "rst",
					"strict" : false
				},
				{
					"name" : "clk",
					"strict" : false
				},
				{
					"name" : "datain[1]",
					"strict" : false
				},
				{
					"name" : "datain[2]",
					"strict" : false
				},
				{
					"name" : "datain[3]",
					"strict" : false
				},
				{
					"name" : "datain[4]",
					"strict" : false
				},
				{
					"name" : "datain[5]",
					"strict" : false
				},
				{
					"name" : "datain[6]",
					"strict" : false
				}
			]
		}
	]
}